strain,doubling_time_min_h,doubling_time_max_h,temp_C,co2,light_umol_photons_m2_s,data_type,reference
UTEX2973,1.9,1.9,41,3%,500,condition-specific,BioNumbers BNID 112485 (derived from Yu et al. 2015 text)
PCC11801,2.3,2.3,,Air (0.04%),,condition-specific,"Jaiswal et al., 2018 (mBio) (doubling time under ambient CO2)"
Synechococcus sp.  PCC 7002,3.5,3.5,38,,,approx/range,"Xu et al., 2011"
PCC7002,4.1,4.1,38,3%,500,condition-specific,"Yu et al., 2015 (Sci Rep) Table 1"
PCC7942,4.9,4.9,38,3%,300,condition-specific,"Yu et al., 2015 (Sci Rep) Table 1"
PCC6301,5.4,5.4,38,3%,500,condition-specific,"Yu et al., 2015 (Sci Rep) Table 1"
Synechocystis sp.  PCC 6803,6,12,30,,,approx/range,"Heidorn et al., 2011"
PCC6803,6.6,6.6,30,3%,300,condition-specific,"Yu et al., 2015 (Sci Rep) Table 1"
Synechococcus elongatus PCC 7942,12,24,38,,,approx/range,"Holtman et al., 2005"
Anabaena ATCC 29413,14,16,30,,,approx/range,"Mannan & Pakrasi, 1993"
Nostoc Punctiforme ATCC 29133,16,20,30,,,approx/range,"Meeks et al., 2001"
Cyanothece sp.  ATCC 51142,16,20,30,,,approx/range,"Alagesan et al., 2013"
Leptolyngbya sp.  Strain BL0902,20,20,30,,,approx/range,"Taton et al., 2012"
Anabaena sp. PCC 7120,24,,30,,,approx/range,"Ehira et al., 2011"
